{"loss": 0.5515511626005173, "_timestamp": 1718055531.996971, "multiclass_accuracy": 0.934749995470047, "val_loss": 0.5514446496963501, "val_multiclass_accuracy": 1.0, "_runtime": 170.30346989631653, "_step": 16}