{"loss": 0.540565093755722, "_timestamp": 1718128671.063287, "cross_entropy_alt": 0.540565093755722, "multiclass_accuracy_alt": 0.6437760114669799, "multiclass_auroc_alt": 0.8203130933642387, "val_loss": 0.4624994546175003, "val_cross_entropy_alt": 0.4624994546175003, "val_multiclass_accuracy_alt": 0.6666666865348816, "val_multiclass_auroc_alt": 0.8332089781761169, "_runtime": 17.163859128952026, "_step": 0}