{"loss": 0.5638618183135986, "_timestamp": 1718159810.370373, "cross_entropy_alt": 0.5638618183135986, "multiclass_accuracy_alt": 0.6422935354709626, "multiclass_auroc_alt": 0.8181466025114059, "val_loss": 0.4645843029022217, "val_cross_entropy_alt": 0.4645843029022217, "val_multiclass_accuracy_alt": 0.6666666865348816, "val_multiclass_auroc_alt": 0.8320896029472351, "_runtime": 65.89401412010193, "_step": 0}